Cena 1, AGACGGGTTACCATGACTATCTATCTATCTATCTATCTATCTATCTATCACGTACGTACGTATCGAGATAGATAGATAGATAGATCCTCGACTTCGATCGCAATGAATGCCAATAGACAAAA AACCCTGCGCGCGCGCGATCTATCTATCTATCTATCCAGCATTAGCTAGCATCAAGATAGATAGATGAATTTCGAAATGAATGAATGAATGAATGAATGAATG
Cena 2, AGACGGGTTACCATGACTATCTATCTATCTATCTATCTATCTATCTATCACGTACGTACGTATCGAGATAGATAGATAGATAGATCCTCGACTTCGATCGCAATGAATGCCAATAGACAAAA AACCCTGCGCGCGCGCGATCTATCTATCTATCTATCCAGCATTAGCTAGCATCAAGATAGATAGATGAATTTCGAAATGAATGAATGAATGAATGAATGAATG
Cena 3, AGACGGGTTACCATGACTATCTATCTATCTATCTATCTATCTATCTATCACGTACGTACGTATCGAGATAGATAGATAGATAGATCCTCGACTTCGATCGCAATGAATGCCAATAGACAAAA AACCCTGCGCGCGCGCGATCTATCTATCTATCTATCCAGCATTAGCTAGCATCAAGATAGATAGATGAATTTCGAAATGAATGAATGAATGAATGAATGAATG
Cena 4, AGACGGGTTACCATGACTATCTATCTATCTATCTATCTATCTATCTATCACGTACGTACGTATCGAGATAGATAGATAGATAGATCCTCGACTTCGATCGCAATGAATGCCAATAGACAAAA AACCCTGCGCGCGCGCGATCTATCTATCTATCTATCCAGCATTAGCTAGCATCAAGATAGATAGATGAATTTCGAAATGAATGAATGAATGAATGAATGAATG
Cena 5, AGACGGGTTACCATGACTATCTATCTATCTATCTATCTATCTATCTATCACGTACGTACGTATCGAGATAGATAGATAGATAGATCCTCGACTTCGATCGCAATGAATGCCAATAGACAAAA AACCCTGCGCGCGCGCGATCTATCTATCTATCTATCCAGCATTAGCTAGCATCAAGATAGATAGATGAATTTCGAAATGAATGAATGAATGAATGAATGAATG
Cena 6, AGACGGGTTACCATGACTATCTATCTATCTATCTATCTATCTATCTATCACGTACGTACGTATCGAGATAGATAGATAGATAGATCCTCGACTTCGATCGCAATGAATGCCAATAGACAAAA AACCCTGCGCGCGCGCGATCTATCTATCTATCTATCCAGCATTAGCTAGCATCAAGATAGATAGATGAATTTCGAAATGAATGAATGAATGAATGAATGAATG
Cena 7, AGACGGGTTACCATGACTATCTATCTATCTATCTATCTATCTATCTATCACGTACGTACGTATCGAGATAGATAGATAGATAGATCCTCGACTTCGATCGCAATGAATGCCAATAGACAAAA AACCCTGCGCGCGCGCGATCTATCTATCTATCTATCCAGCATTAGCTAGCATCAAGATAGATAGATGAATTTCGAAATGAATGAATGAATGAATGAATGAATG
Cena 8, AGACGGGTTACCATGACTATCTATCTATCTATCTATCTATCTATCTATCACGTACGTACGTATCGAGATAGATAGATAGATAGATCCTCGACTTCGATCGCAATGAATGCCAATAGACAAAA AACCCTGCGCGCGCGCGATCTATCTATCTATCTATCCAGCATTAGCTAGCATCAAGATAGATAGATGAATTTCGAAATGAATGAATGAATGAATGAATGAATG
Cena 9, AGACGGGTTACCATGACTATCTATCTATCTATCTATCTATCTATCTATCACGTACGTACGTATCGAGATAGATAGATAGATAGATCCTCGACTTCGATCGCAATGAATGCCAATAGACAAAA AACCCTGCGCGCGCGCGATCTATCTATCTATCTATCCAGCATTAGCTAGCATCAAGATAGATAGATGAATTTCGAAATGAATGAATGAATGAATGAATGAATG
Cena 10, AGACGGGTTACCATGACTATCTATCTATCTATCTATCTATCTATCTATCACGTACGTACGTATCGAGATAGATAGATAGATAGATCCTCGACTTCGATCGCAATGAATGCCAATAGACAAAA AACCCTGCGCGCGCGCGATCTATCTATCTATCTATCCAGCATTAGCTAGCATCAAGATAGATAGATGAATTTCGAAATGAATGAATGAATGAATGAATGAATG
